<?xml version="1.0" encoding="UTF-8" ?>
<!DOCTYPE struts PUBLIC
	"-//Apache Software Foundation//DTD Struts Configuration 2.3//EN"
	"http://struts.apache.org/dtds/struts-2.3.dtd">

<struts>

    <constant name="struts.enable.DynamicMethodInvocation" value="false" />
    <constant name="struts.devMode" value="false" />

    <package name="example" namespace="/example" extends="struts-default">

        <action name="index" class="action.classHelloAction">
            <result>/index.jsp</result>
        </action>
	</package>
    <!-- Add packages here -->

</struts>
